Action , Timestamp
Added Popescu to meeting,2019-05-19-15:41:18
Trying to find  Pop in the meeting list,2019-05-19-15:41:18
Removed Popescu from meeting list,2019-05-19-15:41:18
Added new invoice with number 198419941,2019-05-19-15:41:18
Removed invoice with number 198419941,2019-05-19-15:41:18
Added meeting in Businees for task meeting1,2019-05-19-15:41:18
Added meeting in Businees for task meeting2,2019-05-19-15:41:18
Added meeting in Businees for task meeting3,2019-05-19-15:41:18
Sort tasks for Businees,2019-05-19-15:41:18
Removed meeting from Businees for task meeting1,2019-05-19-15:41:18
Calculate working hours for Businees,2019-05-19-15:41:18
Empty schedule for Businees,2019-05-19-15:41:18
Action , Timestamp
Added Popescu to meeting,2019-05-19-15:42:49
Trying to find  Pop in the meeting list,2019-05-19-15:42:49
Removed Popescu from meeting list,2019-05-19-15:42:49
Added new invoice with number 198419941,2019-05-19-15:42:49
Removed invoice with number 198419941,2019-05-19-15:42:49
Added meeting in Businees for task meeting1,2019-05-19-15:42:49
Added meeting in Businees for task meeting2,2019-05-19-15:42:49
Added meeting in Businees for task meeting3,2019-05-19-15:42:49
Sort tasks for Businees,2019-05-19-15:42:49
Removed meeting from Businees for task meeting1,2019-05-19-15:42:49
Calculate working hours for Businees,2019-05-19-15:42:49
Empty schedule for Businees,2019-05-19-15:42:49
Action , Timestamp
Added Popescu to meeting,2019-05-19-15:43:44
Trying to find  Pop in the meeting list,2019-05-19-15:43:44
Removed Popescu from meeting list,2019-05-19-15:43:44
Added new invoice with number 198419941,2019-05-19-15:43:44
Removed invoice with number 198419941,2019-05-19-15:43:44
Added meeting in Businees for task meeting1,2019-05-19-15:43:44
Added meeting in Businees for task meeting2,2019-05-19-15:43:44
Added meeting in Businees for task meeting3,2019-05-19-15:43:44
Sort tasks for Businees,2019-05-19-15:43:44
Removed meeting from Businees for task meeting1,2019-05-19-15:43:44
Calculate working hours for Businees,2019-05-19-15:43:44
Empty schedule for Businees,2019-05-19-15:43:44
Action , Timestamp
Added Popescu to meeting,2019-05-19-20:30:13
Trying to find  Pop in the meeting list,2019-05-19-20:30:13
Removed Popescu from meeting list,2019-05-19-20:30:13
Added new invoice with number 198419941,2019-05-19-20:30:13
Removed invoice with number 198419941,2019-05-19-20:30:13
Added meeting in Businees for task meeting1,2019-05-19-20:30:13
Added meeting in Businees for task meeting2,2019-05-19-20:30:13
Added meeting in Businees for task meeting3,2019-05-19-20:30:13
Sort tasks for Businees,2019-05-19-20:30:13
Removed meeting from Businees for task meeting1,2019-05-19-20:30:13
Calculate working hours for Businees,2019-05-19-20:30:13
Empty schedule for Businees,2019-05-19-20:30:13
Action , Timestamp
Added Popescu to meeting,2019-05-19-22:44:46
Trying to find  Pop in the meeting list,2019-05-19-22:44:46
Removed Popescu from meeting list,2019-05-19-22:44:46
Added new invoice with number 198419941,2019-05-19-22:44:46
Removed invoice with number 198419941,2019-05-19-22:44:46
Added meeting in Businees for task meeting1,2019-05-19-22:44:46
Added meeting in Businees for task meeting2,2019-05-19-22:44:46
Added meeting in Businees for task meeting3,2019-05-19-22:44:46
Sort tasks for Businees,2019-05-19-22:44:46
Removed meeting from Businees for task meeting1,2019-05-19-22:44:46
Empty schedule for Businees,2019-05-19-22:44:46
Action , Timestamp
Added Popescu to meeting,2019-05-19-23:50:03
Trying to find  Pop in the meeting list,2019-05-19-23:50:03
Removed Popescu from meeting list,2019-05-19-23:50:03
Added new invoice with number 198419941,2019-05-19-23:50:03
Removed invoice with number 198419941,2019-05-19-23:50:03
Added meeting in Businees for task meeting1,2019-05-19-23:50:03
Added meeting in Businees for task meeting2,2019-05-19-23:50:03
Added meeting in Businees for task meeting3,2019-05-19-23:50:03
Sort tasks for Businees,2019-05-19-23:50:03
Removed meeting from Businees for task meeting1,2019-05-19-23:50:03
Empty schedule for Businees,2019-05-19-23:50:03
Action , Timestamp
Added Popescu to meeting,2019-05-19-23:51:24
Trying to find  Pop in the meeting list,2019-05-19-23:51:24
Removed Popescu from meeting list,2019-05-19-23:51:24
Added new invoice with number 198419941,2019-05-19-23:51:24
Removed invoice with number 198419941,2019-05-19-23:51:24
Added meeting in Businees for task meeting1,2019-05-19-23:51:24
Added meeting in Businees for task meeting2,2019-05-19-23:51:24
Added meeting in Businees for task meeting3,2019-05-19-23:51:24
Sort tasks for Businees,2019-05-19-23:51:24
Removed meeting from Businees for task meeting1,2019-05-19-23:51:24
Empty schedule for Businees,2019-05-19-23:51:24
Action , Timestamp
Added Popescu to meeting,2019-05-19-23:54:10
Trying to find  Pop in the meeting list,2019-05-19-23:54:10
Removed Popescu from meeting list,2019-05-19-23:54:10
Added new invoice with number 198419941,2019-05-19-23:54:10
Removed invoice with number 198419941,2019-05-19-23:54:10
Added meeting in Businees for task meeting1,2019-05-19-23:54:10
Added meeting in Businees for task meeting2,2019-05-19-23:54:10
Added meeting in Businees for task meeting3,2019-05-19-23:54:10
Sort tasks for Businees,2019-05-19-23:54:10
Removed meeting from Businees for task meeting1,2019-05-19-23:54:10
Empty schedule for Businees,2019-05-19-23:54:10
Action , Timestamp
Added Popescu to meeting,2019-05-20-00:01:34
Trying to find  Pop in the meeting list,2019-05-20-00:01:34
Removed Popescu from meeting list,2019-05-20-00:01:34
Added new invoice with number 198419941,2019-05-20-00:01:34
Removed invoice with number 198419941,2019-05-20-00:01:34
Added meeting in Businees for task meeting1,2019-05-20-00:01:34
Added meeting in Businees for task meeting2,2019-05-20-00:01:34
Added meeting in Businees for task meeting3,2019-05-20-00:01:34
Sort tasks for Businees,2019-05-20-00:01:34
Removed meeting from Businees for task meeting1,2019-05-20-00:01:34
Empty schedule for Businees,2019-05-20-00:01:34
Action , Timestamp
Added Popescu to meeting,2019-05-20-00:02:48
Trying to find  Pop in the meeting list,2019-05-20-00:02:48
Removed Popescu from meeting list,2019-05-20-00:02:48
Added new invoice with number 198419941,2019-05-20-00:02:48
Removed invoice with number 198419941,2019-05-20-00:02:48
Added meeting in Businees for task meeting1,2019-05-20-00:02:48
Added meeting in Businees for task meeting2,2019-05-20-00:02:48
Added meeting in Businees for task meeting3,2019-05-20-00:02:48
Sort tasks for Businees,2019-05-20-00:02:48
Removed meeting from Businees for task meeting1,2019-05-20-00:02:48
Empty schedule for Businees,2019-05-20-00:02:48
Action , Timestamp
Added Popescu to meeting,2019-05-20-00:04:16
Trying to find  Pop in the meeting list,2019-05-20-00:04:16
Removed Popescu from meeting list,2019-05-20-00:04:16
Added new invoice with number 198419941,2019-05-20-00:04:16
Removed invoice with number 198419941,2019-05-20-00:04:16
Added meeting in Businees for task meeting1,2019-05-20-00:04:16
Added meeting in Businees for task meeting2,2019-05-20-00:04:16
Added meeting in Businees for task meeting3,2019-05-20-00:04:16
Sort tasks for Businees,2019-05-20-00:04:16
Removed meeting from Businees for task meeting1,2019-05-20-00:04:16
Empty schedule for Businees,2019-05-20-00:04:16
Action , Timestamp
Added Popescu to meeting,2019-05-20-00:07:10
Trying to find  Pop in the meeting list,2019-05-20-00:07:10
Removed Popescu from meeting list,2019-05-20-00:07:10
Added new invoice with number 198419941,2019-05-20-00:07:10
Removed invoice with number 198419941,2019-05-20-00:07:10
Added meeting in Businees for task meeting1,2019-05-20-00:07:10
Added meeting in Businees for task meeting2,2019-05-20-00:07:10
Added meeting in Businees for task meeting3,2019-05-20-00:07:10
Sort tasks for Businees,2019-05-20-00:07:10
Removed meeting from Businees for task meeting1,2019-05-20-00:07:10
Empty schedule for Businees,2019-05-20-00:07:10
Action , Timestamp
Added Popescu to meeting,2019-05-20-00:10:57
Trying to find  Pop in the meeting list,2019-05-20-00:10:57
Removed Popescu from meeting list,2019-05-20-00:10:57
Added new invoice with number 198419941,2019-05-20-00:10:57
Removed invoice with number 198419941,2019-05-20-00:10:57
Added meeting in Businees for task meeting1,2019-05-20-00:10:57
Added meeting in Businees for task meeting2,2019-05-20-00:10:57
Added meeting in Businees for task meeting3,2019-05-20-00:10:57
Sort tasks for Businees,2019-05-20-00:10:57
Removed meeting from Businees for task meeting1,2019-05-20-00:10:57
Empty schedule for Businees,2019-05-20-00:10:57
Action , Timestamp
Added Popescu to meeting,2019-05-20-00:16:14
Trying to find  Pop in the meeting list,2019-05-20-00:16:14
Removed Popescu from meeting list,2019-05-20-00:16:14
Added new invoice with number 198419941,2019-05-20-00:16:14
Removed invoice with number 198419941,2019-05-20-00:16:14
Added meeting in Businees for task meeting1,2019-05-20-00:16:14
Added meeting in Businees for task meeting2,2019-05-20-00:16:14
Added meeting in Businees for task meeting3,2019-05-20-00:16:14
Sort tasks for Businees,2019-05-20-00:16:14
Removed meeting from Businees for task meeting1,2019-05-20-00:16:14
Empty schedule for Businees,2019-05-20-00:16:14
Action , Timestamp
Added Popescu to meeting,2019-05-20-00:18:39
Trying to find  Pop in the meeting list,2019-05-20-00:18:39
Removed Popescu from meeting list,2019-05-20-00:18:39
Added new invoice with number 198419941,2019-05-20-00:18:39
Removed invoice with number 198419941,2019-05-20-00:18:39
Added meeting in Businees for task meeting1,2019-05-20-00:18:39
Added meeting in Businees for task meeting2,2019-05-20-00:18:39
Added meeting in Businees for task meeting3,2019-05-20-00:18:40
Sort tasks for Businees,2019-05-20-00:18:40
Removed meeting from Businees for task meeting1,2019-05-20-00:18:40
Empty schedule for Businees,2019-05-20-00:18:40
Action , Timestamp
Added Popescu to meeting,2019-05-20-00:19:32
Trying to find  Pop in the meeting list,2019-05-20-00:19:32
Removed Popescu from meeting list,2019-05-20-00:19:32
Added new invoice with number 198419941,2019-05-20-00:19:32
Removed invoice with number 198419941,2019-05-20-00:19:32
Added meeting in Businees for task meeting1,2019-05-20-00:19:32
Added meeting in Businees for task meeting2,2019-05-20-00:19:32
Added meeting in Businees for task meeting3,2019-05-20-00:19:32
Sort tasks for Businees,2019-05-20-00:19:32
Removed meeting from Businees for task meeting1,2019-05-20-00:19:32
Empty schedule for Businees,2019-05-20-00:19:32
Action , Timestamp
Added Popescu to meeting,2019-06-02-15:38:37
Trying to find  Pop in the meeting list,2019-06-02-15:38:37
Removed Popescu from meeting list,2019-06-02-15:38:37
Added new invoice with number 198419941,2019-06-02-15:38:37
Removed invoice with number 198419941,2019-06-02-15:38:37
Added meeting in Businees for task meeting1,2019-06-02-15:38:37
Added meeting in Businees for task meeting2,2019-06-02-15:38:37
Added meeting in Businees for task meeting3,2019-06-02-15:38:37
Sort tasks for Businees,2019-06-02-15:38:37
Removed meeting from Businees for task meeting1,2019-06-02-15:38:37
Empty schedule for Businees,2019-06-02-15:38:37
Action , Timestamp
Added Popescu to meeting,2019-06-02-15:39:13
Trying to find  Pop in the meeting list,2019-06-02-15:39:13
Removed Popescu from meeting list,2019-06-02-15:39:13
Added new invoice with number 198419941,2019-06-02-15:39:13
Removed invoice with number 198419941,2019-06-02-15:39:13
Added meeting in Businees for task meeting1,2019-06-02-15:39:13
Added meeting in Businees for task meeting2,2019-06-02-15:39:13
Added meeting in Businees for task meeting3,2019-06-02-15:39:13
Sort tasks for Businees,2019-06-02-15:39:13
Removed meeting from Businees for task meeting1,2019-06-02-15:39:13
Empty schedule for Businees,2019-06-02-15:39:13
Action , Timestamp
Added Popescu to meeting,2019-06-02-15:56:17
Trying to find  Pop in the meeting list,2019-06-02-15:56:17
Removed Popescu from meeting list,2019-06-02-15:56:17
Added new invoice with number 198419941,2019-06-02-15:56:18
Removed invoice with number 198419941,2019-06-02-15:56:18
Added meeting in Businees for task meeting1,2019-06-02-15:56:18
Added meeting in Businees for task meeting2,2019-06-02-15:56:18
Added meeting in Businees for task meeting3,2019-06-02-15:56:18
Sort tasks for Businees,2019-06-02-15:56:18
Removed meeting from Businees for task meeting1,2019-06-02-15:56:18
Empty schedule for Businees,2019-06-02-15:56:18
Action , Timestamp
Added Popescu to meeting,2019-06-02-16:06:12
Trying to find  Pop in the meeting list,2019-06-02-16:06:12
Removed Popescu from meeting list,2019-06-02-16:06:12
Added new invoice with number 198419941,2019-06-02-16:06:12
Removed invoice with number 198419941,2019-06-02-16:06:12
Added meeting in Businees for task meeting1,2019-06-02-16:06:12
Added meeting in Businees for task meeting2,2019-06-02-16:06:12
Added meeting in Businees for task meeting3,2019-06-02-16:06:12
Sort tasks for Businees,2019-06-02-16:06:12
Removed meeting from Businees for task meeting1,2019-06-02-16:06:12
Empty schedule for Businees,2019-06-02-16:06:12
Action , Timestamp
Added Popescu to meeting,2019-06-02-16:09:56
Trying to find  Pop in the meeting list,2019-06-02-16:09:56
Removed Popescu from meeting list,2019-06-02-16:09:56
Added new invoice with number 198419941,2019-06-02-16:09:56
Removed invoice with number 198419941,2019-06-02-16:09:56
Added meeting in Businees for task meeting1,2019-06-02-16:09:56
Added meeting in Businees for task meeting2,2019-06-02-16:09:56
Added meeting in Businees for task meeting3,2019-06-02-16:09:56
Sort tasks for Businees,2019-06-02-16:09:56
Removed meeting from Businees for task meeting1,2019-06-02-16:09:56
Empty schedule for Businees,2019-06-02-16:09:56
Action , Timestamp
Added Popescu to meeting,2019-06-02-18:53:02
Trying to find  Pop in the meeting list,2019-06-02-18:53:02
Removed Popescu from meeting list,2019-06-02-18:53:02
Added new invoice with number 198419941,2019-06-02-18:53:02
Removed invoice with number 198419941,2019-06-02-18:53:02
Added meeting in Businees for task meeting1,2019-06-02-18:53:02
Added meeting in Businees for task meeting2,2019-06-02-18:53:02
Added meeting in Businees for task meeting3,2019-06-02-18:53:02
Sort tasks for Businees,2019-06-02-18:53:02
Removed meeting from Businees for task meeting1,2019-06-02-18:53:02
Empty schedule for Businees,2019-06-02-18:53:02
Action , Timestamp
Added Popescu to meeting,2019-06-02-18:58:08
Trying to find  Pop in the meeting list,2019-06-02-18:58:08
Removed Popescu from meeting list,2019-06-02-18:58:08
Added new invoice with number 198419941,2019-06-02-18:58:08
Removed invoice with number 198419941,2019-06-02-18:58:08
Added meeting in Businees for task meeting1,2019-06-02-18:58:08
Added meeting in Businees for task meeting2,2019-06-02-18:58:08
Added meeting in Businees for task meeting3,2019-06-02-18:58:08
Sort tasks for Businees,2019-06-02-18:58:08
Removed meeting from Businees for task meeting1,2019-06-02-18:58:08
Empty schedule for Businees,2019-06-02-18:58:08
Action , Timestamp
Added Popescu to meeting,2019-06-02-19:32:15
Trying to find  Pop in the meeting list,2019-06-02-19:32:15
Removed Popescu from meeting list,2019-06-02-19:32:15
Added new invoice with number 198419941,2019-06-02-19:32:15
Removed invoice with number 198419941,2019-06-02-19:32:15
Added meeting in Businees for task meeting1,2019-06-02-19:32:15
Added meeting in Businees for task meeting2,2019-06-02-19:32:15
Added meeting in Businees for task meeting3,2019-06-02-19:32:15
Sort tasks for Businees,2019-06-02-19:32:15
Removed meeting from Businees for task meeting1,2019-06-02-19:32:15
Empty schedule for Businees,2019-06-02-19:32:15
Action , Timestamp
Added Popescu to meeting,2019-06-02-20:37:42
Trying to find  Pop in the meeting list,2019-06-02-20:37:42
Removed Popescu from meeting list,2019-06-02-20:37:42
Added new invoice with number 198419941,2019-06-02-20:37:42
Removed invoice with number 198419941,2019-06-02-20:37:42
Added meeting in Businees for task meeting1,2019-06-02-20:37:42
Added meeting in Businees for task meeting2,2019-06-02-20:37:42
Added meeting in Businees for task meeting3,2019-06-02-20:37:42
Sort tasks for Businees,2019-06-02-20:37:42
Removed meeting from Businees for task meeting1,2019-06-02-20:37:42
Empty schedule for Businees,2019-06-02-20:37:42
Action , Timestamp
Added Popescu to meeting,2019-06-02-20:38:14
Trying to find  Pop in the meeting list,2019-06-02-20:38:14
Removed Popescu from meeting list,2019-06-02-20:38:14
Added new invoice with number 198419941,2019-06-02-20:38:14
Removed invoice with number 198419941,2019-06-02-20:38:14
Added meeting in Businees for task meeting1,2019-06-02-20:38:14
Added meeting in Businees for task meeting2,2019-06-02-20:38:14
Added meeting in Businees for task meeting3,2019-06-02-20:38:14
Sort tasks for Businees,2019-06-02-20:38:14
Removed meeting from Businees for task meeting1,2019-06-02-20:38:14
Empty schedule for Businees,2019-06-02-20:38:14
Action , Timestamp
Added Popescu to meeting,2019-06-02-20:38:48
Trying to find  Pop in the meeting list,2019-06-02-20:38:48
Removed Popescu from meeting list,2019-06-02-20:38:48
Added new invoice with number 198419941,2019-06-02-20:38:48
Removed invoice with number 198419941,2019-06-02-20:38:48
Added meeting in Businees for task meeting1,2019-06-02-20:38:48
Added meeting in Businees for task meeting2,2019-06-02-20:38:48
Added meeting in Businees for task meeting3,2019-06-02-20:38:48
Sort tasks for Businees,2019-06-02-20:38:48
Removed meeting from Businees for task meeting1,2019-06-02-20:38:48
Empty schedule for Businees,2019-06-02-20:38:48
Action , Timestamp
Added Popescu to meeting,2019-06-02-20:46:22
Trying to find  Pop in the meeting list,2019-06-02-20:46:22
Removed Popescu from meeting list,2019-06-02-20:46:22
Added new invoice with number 198419941,2019-06-02-20:46:22
Removed invoice with number 198419941,2019-06-02-20:46:22
Added meeting in Businees for task meeting1,2019-06-02-20:46:22
Added meeting in Businees for task meeting2,2019-06-02-20:46:22
Added meeting in Businees for task meeting3,2019-06-02-20:46:22
Sort tasks for Businees,2019-06-02-20:46:22
Removed meeting from Businees for task meeting1,2019-06-02-20:46:22
Empty schedule for Businees,2019-06-02-20:46:22
Action , Timestamp
Added Popescu to meeting,2019-06-02-21:26:03
Trying to find  Pop in the meeting list,2019-06-02-21:26:03
Removed Popescu from meeting list,2019-06-02-21:26:03
Added new invoice with number 198419941,2019-06-02-21:26:03
Removed invoice with number 198419941,2019-06-02-21:26:03
Added meeting in Businees for task meeting1,2019-06-02-21:26:03
Added meeting in Businees for task meeting2,2019-06-02-21:26:03
Added meeting in Businees for task meeting3,2019-06-02-21:26:03
Sort tasks for Businees,2019-06-02-21:26:03
Removed meeting from Businees for task meeting1,2019-06-02-21:26:03
Empty schedule for Businees,2019-06-02-21:26:03
Action , Timestamp
Added Popescu to meeting,2019-06-02-22:16:13
Trying to find  Pop in the meeting list,2019-06-02-22:16:13
Removed Popescu from meeting list,2019-06-02-22:16:13
Added new invoice with number 198419941,2019-06-02-22:16:13
Removed invoice with number 198419941,2019-06-02-22:16:13
Added meeting in Businees for task meeting1,2019-06-02-22:16:13
Added meeting in Businees for task meeting2,2019-06-02-22:16:13
Added meeting in Businees for task meeting3,2019-06-02-22:16:13
Sort tasks for Businees,2019-06-02-22:16:13
Removed meeting from Businees for task meeting1,2019-06-02-22:16:13
Empty schedule for Businees,2019-06-02-22:16:13
Action , Timestamp
Added Popescu to meeting,2019-06-02-22:17:45
Trying to find  Pop in the meeting list,2019-06-02-22:17:45
Removed Popescu from meeting list,2019-06-02-22:17:45
Added new invoice with number 198419941,2019-06-02-22:17:45
Removed invoice with number 198419941,2019-06-02-22:17:45
Added meeting in Businees for task meeting1,2019-06-02-22:17:45
Added meeting in Businees for task meeting2,2019-06-02-22:17:45
Added meeting in Businees for task meeting3,2019-06-02-22:17:45
Sort tasks for Businees,2019-06-02-22:17:45
Removed meeting from Businees for task meeting1,2019-06-02-22:17:45
Empty schedule for Businees,2019-06-02-22:17:45
Action , Timestamp
Added Popescu to meeting,2019-06-02-22:18:40
Trying to find  Pop in the meeting list,2019-06-02-22:18:40
Removed Popescu from meeting list,2019-06-02-22:18:40
Added new invoice with number 198419941,2019-06-02-22:18:40
Removed invoice with number 198419941,2019-06-02-22:18:40
Added meeting in Businees for task meeting1,2019-06-02-22:18:40
Added meeting in Businees for task meeting2,2019-06-02-22:18:40
Added meeting in Businees for task meeting3,2019-06-02-22:18:40
Sort tasks for Businees,2019-06-02-22:18:40
Removed meeting from Businees for task meeting1,2019-06-02-22:18:40
Empty schedule for Businees,2019-06-02-22:18:40
Action , Timestamp
Added Popescu to meeting,2019-06-02-22:20:51
Trying to find  Pop in the meeting list,2019-06-02-22:20:51
Removed Popescu from meeting list,2019-06-02-22:20:51
Added new invoice with number 198419941,2019-06-02-22:20:51
Removed invoice with number 198419941,2019-06-02-22:20:51
Added meeting in Businees for task meeting1,2019-06-02-22:20:51
Added meeting in Businees for task meeting2,2019-06-02-22:20:51
Added meeting in Businees for task meeting3,2019-06-02-22:20:51
Sort tasks for Businees,2019-06-02-22:20:51
Removed meeting from Businees for task meeting1,2019-06-02-22:20:51
Empty schedule for Businees,2019-06-02-22:20:51
Action , Timestamp
Added Popescu to meeting,2019-06-02-22:51:55
Trying to find  Pop in the meeting list,2019-06-02-22:51:55
Removed Popescu from meeting list,2019-06-02-22:51:55
Added new invoice with number 198419941,2019-06-02-22:51:55
Removed invoice with number 198419941,2019-06-02-22:51:55
Added meeting in Businees for task meeting1,2019-06-02-22:51:55
Added meeting in Businees for task meeting2,2019-06-02-22:51:55
Added meeting in Businees for task meeting3,2019-06-02-22:51:55
Sort tasks for Businees,2019-06-02-22:51:55
Removed meeting from Businees for task meeting1,2019-06-02-22:51:55
Empty schedule for Businees,2019-06-02-22:51:55
Action , Timestamp
Added Popescu to meeting,2019-06-02-22:53:43
Trying to find  Pop in the meeting list,2019-06-02-22:53:43
Removed Popescu from meeting list,2019-06-02-22:53:43
Added new invoice with number 198419941,2019-06-02-22:53:43
Removed invoice with number 198419941,2019-06-02-22:53:43
Added meeting in Businees for task meeting1,2019-06-02-22:53:43
Added meeting in Businees for task meeting2,2019-06-02-22:53:43
Added meeting in Businees for task meeting3,2019-06-02-22:53:43
Sort tasks for Businees,2019-06-02-22:53:43
Removed meeting from Businees for task meeting1,2019-06-02-22:53:43
Empty schedule for Businees,2019-06-02-22:53:43
Action , Timestamp
Added Popescu to meeting,2019-06-02-22:55:46
Trying to find  Pop in the meeting list,2019-06-02-22:55:46
Removed Popescu from meeting list,2019-06-02-22:55:46
Added new invoice with number 198419941,2019-06-02-22:55:46
Removed invoice with number 198419941,2019-06-02-22:55:46
Added meeting in Businees for task meeting1,2019-06-02-22:55:46
Added meeting in Businees for task meeting2,2019-06-02-22:55:46
Added meeting in Businees for task meeting3,2019-06-02-22:55:46
Sort tasks for Businees,2019-06-02-22:55:46
Removed meeting from Businees for task meeting1,2019-06-02-22:55:46
Empty schedule for Businees,2019-06-02-22:55:46
Action , Timestamp
Added Popescu to meeting,2019-06-02-23:08:59
Trying to find  Pop in the meeting list,2019-06-02-23:08:59
Removed Popescu from meeting list,2019-06-02-23:08:59
Added new invoice with number 198419941,2019-06-02-23:08:59
Removed invoice with number 198419941,2019-06-02-23:08:59
Added meeting in Businees for task meeting1,2019-06-02-23:08:59
Added meeting in Businees for task meeting2,2019-06-02-23:08:59
Added meeting in Businees for task meeting3,2019-06-02-23:08:59
Sort tasks for Businees,2019-06-02-23:08:59
Removed meeting from Businees for task meeting1,2019-06-02-23:08:59
Empty schedule for Businees,2019-06-02-23:08:59
Action , Timestamp
Added Popescu to meeting,2019-06-02-23:20:34
Trying to find  Pop in the meeting list,2019-06-02-23:20:34
Removed Popescu from meeting list,2019-06-02-23:20:34
Added new invoice with number 198419941,2019-06-02-23:20:34
Removed invoice with number 198419941,2019-06-02-23:20:34
Added meeting in Businees for task meeting1,2019-06-02-23:20:34
Added meeting in Businees for task meeting2,2019-06-02-23:20:34
Added meeting in Businees for task meeting3,2019-06-02-23:20:34
Sort tasks for Businees,2019-06-02-23:20:34
Removed meeting from Businees for task meeting1,2019-06-02-23:20:34
Empty schedule for Businees,2019-06-02-23:20:34
Action , Timestamp
Added Popescu to meeting,2019-06-02-23:21:50
Trying to find  Pop in the meeting list,2019-06-02-23:21:50
Removed Popescu from meeting list,2019-06-02-23:21:50
Added new invoice with number 198419941,2019-06-02-23:21:50
Removed invoice with number 198419941,2019-06-02-23:21:50
Added meeting in Businees for task meeting1,2019-06-02-23:21:50
Added meeting in Businees for task meeting2,2019-06-02-23:21:50
Added meeting in Businees for task meeting3,2019-06-02-23:21:50
Sort tasks for Businees,2019-06-02-23:21:50
Removed meeting from Businees for task meeting1,2019-06-02-23:21:50
Empty schedule for Businees,2019-06-02-23:21:50
Action , Timestamp
Added Popescu to meeting,2019-06-02-23:40:39
Trying to find  Pop in the meeting list,2019-06-02-23:40:39
Removed Popescu from meeting list,2019-06-02-23:40:39
Added new invoice with number 198419941,2019-06-02-23:40:39
Removed invoice with number 198419941,2019-06-02-23:40:39
Added meeting in Businees for task meeting1,2019-06-02-23:40:39
Added meeting in Businees for task meeting2,2019-06-02-23:40:39
Added meeting in Businees for task meeting3,2019-06-02-23:40:39
Sort tasks for Businees,2019-06-02-23:40:39
Removed meeting from Businees for task meeting1,2019-06-02-23:40:39
Empty schedule for Businees,2019-06-02-23:40:39
Action , Timestamp
Added Popescu to meeting,2019-06-02-23:41:49
Trying to find  Pop in the meeting list,2019-06-02-23:41:49
Removed Popescu from meeting list,2019-06-02-23:41:49
Added new invoice with number 198419941,2019-06-02-23:41:49
Removed invoice with number 198419941,2019-06-02-23:41:49
Added meeting in Businees for task meeting1,2019-06-02-23:41:49
Added meeting in Businees for task meeting2,2019-06-02-23:41:49
Added meeting in Businees for task meeting3,2019-06-02-23:41:49
Sort tasks for Businees,2019-06-02-23:41:49
Removed meeting from Businees for task meeting1,2019-06-02-23:41:49
Empty schedule for Businees,2019-06-02-23:41:49
Action , Timestamp
Added Popescu to meeting,2019-06-02-23:42:50
Trying to find  Pop in the meeting list,2019-06-02-23:42:50
Removed Popescu from meeting list,2019-06-02-23:42:50
Added new invoice with number 198419941,2019-06-02-23:42:50
Removed invoice with number 198419941,2019-06-02-23:42:50
Added meeting in Businees for task meeting1,2019-06-02-23:42:50
Added meeting in Businees for task meeting2,2019-06-02-23:42:50
Added meeting in Businees for task meeting3,2019-06-02-23:42:50
Sort tasks for Businees,2019-06-02-23:42:50
Removed meeting from Businees for task meeting1,2019-06-02-23:42:50
Empty schedule for Businees,2019-06-02-23:42:50
Action , Timestamp
Added Popescu to meeting,2019-06-02-23:55:02
Trying to find  Pop in the meeting list,2019-06-02-23:55:02
Removed Popescu from meeting list,2019-06-02-23:55:02
Added new invoice with number 198419941,2019-06-02-23:55:02
Removed invoice with number 198419941,2019-06-02-23:55:02
Added meeting in Businees for task meeting1,2019-06-02-23:55:02
Added meeting in Businees for task meeting2,2019-06-02-23:55:02
Added meeting in Businees for task meeting3,2019-06-02-23:55:02
Sort tasks for Businees,2019-06-02-23:55:02
Removed meeting from Businees for task meeting1,2019-06-02-23:55:02
Empty schedule for Businees,2019-06-02-23:55:02
